INSERT INTO Participates (id_participant,id_event) VALUES
	 (1,1),
	 (2,2),
	 (3,3),
	 (4,4),
	 (5,5),
	 (6,6),
	 (1,3),
	 (2,4),
	 (3,5),
	 (4,1),
	 (5,2),
	 (6,3),
	 (1,4),
	 (2,5),
	 (3,6),
	 (4,2),
	 (5,3),
	 (6,4),
	 (1,5),
	 (2,6),
	 (3,1),
	 (4,3),
	 (5,4),
	 (6,5),
	 (1,6),
	 (2,1),
	 (3,2),
	 (4,5),
	 (5,6),
	 (6,1);
INSERT INTO Candidate (id_candidate,lastname_candidate,name_candidate,email_candidate,id_user) VALUES
	 (1,'Doey','John','john.doey@example.com',NULL),
	 (2,'Smith','Jane','jane.smith@example.com',NULL),
	 (3,'Brown','Charlie','charlie.brown@example.com',NULL),
	 (4,'Taylor','Chris','chris.taylor@example.com',NULL),
	 (5,'Lee','Alex','alex.lee@example.com',NULL),
	 (6,'White','Sam','sam.white@example.com',NULL),
	 (7,'Green','Pat','pat.green@example.com',NULL),
	 (8,'Parker','Mayday','maydayparker@gmail.com',NULL),
	 (9,'Parker','Peter','peterparker@test.com',NULL),
	 (10,'Watson','Mary-Jane','mjwatson@gmail.com',NULL);
INSERT INTO Candidate_tag (id_candidate,id_tag) VALUES
	 (1,1);
INSERT INTO Event (id_event,name_event,date_event) VALUES
	 (1,'Tech Conference',2011),
	 (2,'Job Fair',2017),
	 (3,'Hackathon',2016),
	 (4,'Workshop',2014),
	 (5,'Networking Event',2013),
	 (6,'Seminar',2012);
INSERT INTO Event_tag (id_event,id_tag) VALUES
	 (1,1);
INSERT INTO Interview (id_interview,happened,feedback_candidate,feedback_participant,duration_interview,id_participant,id_event,id_candidate) VALUES
	 (1,0,'Feedback candidat','Feedback participant',NULL,1,1,1),
	 (2,0,'Feedback candidat','Feedback participant',NULL,1,1,3),
	 (3,0,'Feedback candidat','Feedback participant',NULL,1,1,4),
	 (4,1,'Feedback candidat','Feedback participant',NULL,4,1,3),
	 (5,1,'Feedback candidat','Feedback participant',NULL,4,1,4),
	 (6,0,'Feedback candidat','Feedback participant',NULL,4,1,5),
	 (7,0,'Feedback candidat','Feedback participant',NULL,3,1,1),
	 (8,0,'Feedback candidat','Feedback participant',NULL,3,1,5),
	 (9,0,'Feedback candidat','Feedback participant',NULL,3,1,2),
	 (10,0,'Feedback candidat','Feedback participant',NULL,2,1,1),
	 (11,0,'Feedback candidat','Feedback participant',NULL,2,1,4),
	 (12,1,'Feedback candidat','Feedback participant',NULL,6,1,3),
	 (13,0,'Feedback candidat','Feedback participant',NULL,6,1,4),
	 (14,0,'Feedback candidat','Feedback participant',NULL,6,1,5),
	 (15,0,'Feedback candidat','Feedback participant',NULL,2,2,1),
	 (16,0,'Feedback candidat','Feedback participant',NULL,2,2,6),
	 (17,0,'Feedback candidat','Feedback participant',NULL,5,2,6),
	 (18,0,'Feedback candidat','Feedback participant',NULL,4,2,1),
	 (19,0,'Feedback candidat','Feedback participant',NULL,4,2,6),
	 (20,0,'Feedback candidat','Feedback participant',NULL,4,2,3),
	 (21,0,'Feedback candidat','Feedback participant',NULL,3,2,5),
	 (22,0,'Feedback candidat','Feedback participant',NULL,3,2,4),
	 (23,0,'Feedback candidat','Feedback participant',NULL,3,3,2),
	 (24,0,'Feedback candidat','Feedback participant',NULL,1,3,2),
	 (25,0,'Feedback candidat','Feedback participant',NULL,1,3,7),
	 (26,0,'Feedback candidat','Feedback participant',NULL,6,3,2),
	 (27,0,'Feedback candidat','Feedback participant',NULL,6,3,1),
	 (28,0,'Feedback candidat','Feedback participant',NULL,6,3,5),
	 (29,0,'Feedback candidat','Feedback participant',NULL,5,3,6),
	 (30,0,'Feedback candidat','Feedback participant',NULL,5,3,7),
	 (31,0,'Feedback candidat','Feedback participant',NULL,4,3,4),
	 (32,0,'Feedback candidat','Feedback participant',NULL,4,3,6),
	 (33,0,'Feedback candidat','Feedback participant',NULL,4,3,1),
	 (34,0,'Feedback candidat','Feedback participant',NULL,4,3,5),
	 (35,0,'Feedback candidat','Feedback participant',NULL,4,4,5),
	 (36,0,'Feedback candidat','Feedback participant',NULL,4,4,2),
	 (37,0,'Feedback candidat','Feedback participant',NULL,4,4,1),
	 (38,0,'Feedback candidat','Feedback participant',NULL,2,4,3),
	 (39,0,'Feedback candidat','Feedback participant',NULL,2,4,7),
	 (40,0,'Feedback candidat','Feedback participant',NULL,1,4,2),
	 (41,0,'Feedback candidat','Feedback participant',NULL,6,4,3),
	 (42,0,'Feedback candidat','Feedback participant',NULL,6,4,2),
	 (43,0,'Feedback candidat','Feedback participant',NULL,5,4,5),
	 (44,0,'Feedback candidat','Feedback participant',NULL,5,4,2),
	 (45,0,'Feedback candidat','Feedback participant',NULL,5,5,6),
	 (46,0,'Feedback candidat','Feedback participant',NULL,5,5,2),
	 (47,0,'Feedback candidat','Feedback participant',NULL,3,5,6),
	 (48,0,'Feedback candidat','Feedback participant',NULL,3,5,2),
	 (49,0,'Feedback candidat','Feedback participant',NULL,3,5,7),
	 (50,0,'Feedback candidat','Feedback participant',NULL,2,5,3),
	 (51,0,'Feedback candidat','Feedback participant',NULL,2,5,2),
	 (52,0,'Feedback candidat','Feedback participant',NULL,2,5,7),
	 (53,0,'Feedback candidat','Feedback participant',NULL,1,5,6),
	 (54,0,'Feedback candidat','Feedback participant',NULL,6,5,3),
	 (55,0,'Feedback candidat','Feedback participant',NULL,6,5,2),
	 (56,0,'Feedback candidat','Feedback participant',NULL,6,5,7),
	 (57,0,'Feedback candidat','Feedback participant',NULL,4,5,6),
	 (58,0,'Feedback candidat','Feedback participant',NULL,4,5,3),
	 (59,0,'Feedback candidat','Feedback participant',NULL,6,6,4),
	 (60,0,'Feedback candidat','Feedback participant',NULL,6,6,3),
	 (61,0,'Feedback candidat','Feedback participant',NULL,6,6,1),
	 (62,0,'Feedback candidat','Feedback participant',NULL,3,6,4),
	 (63,0,'Feedback candidat','Feedback participant',NULL,3,6,3),
	 (64,0,'Feedback candidat','Feedback participant',NULL,2,6,7),
	 (65,0,'Feedback candidat','Feedback participant',NULL,1,6,7),
	 (66,0,'Feedback candidat','Feedback participant',NULL,1,6,4),
	 (67,0,'Feedback candidat','Feedback participant',NULL,5,6,7),
	 (68,0,'Feedback candidat','Feedback participant',NULL,5,6,4);
INSERT INTO Participant (id_participant,name_participant,email_participant,id_user) VALUES
	 (1,'Williams','williams@example.com',NULL),
	 (2,'Johnson','johnson@example.com',NULL),
	 (3,'Brown','brown@example.com',NULL),
	 (4,'Davis','davis@example.com',NULL),
	 (5,'Miller','miller@example.com',NULL),
	 (6,'Wilson','wilson@example.com',NULL),
	 (7,'awawawawawawaa','auwuawauwuwuwawaawwa@yaooooooooooooo.fr',NULL);
INSERT INTO Participant_tag (id_participant,id_tag) VALUES
	 (7,1),
	 (7,2),
	 (7,3),
	 (7,7);
INSERT INTO Attends (id_candidate,id_event,priority) VALUES
	 (1,1,NULL),
	 (2,2,NULL),
	 (3,1,NULL),
	 (4,3,NULL),
	 (5,4,NULL),
	 (6,5,NULL),
	 (7,6,NULL),
	 (1,2,NULL),
	 (2,3,NULL),
	 (3,4,NULL),
	 (4,1,NULL),
	 (5,2,NULL),
	 (6,3,NULL),
	 (7,4,NULL),
	 (1,3,NULL),
	 (2,4,NULL),
	 (3,5,NULL),
	 (4,6,NULL),
	 (5,1,NULL),
	 (6,2,NULL),
	 (7,3,NULL),
	 (1,4,NULL),
	 (2,5,NULL),
	 (3,6,NULL),
	 (4,2,NULL),
	 (5,3,NULL),
	 (6,4,NULL),
	 (7,5,NULL),
	 (1,6,NULL),
	 (2,1,NULL),
	 (3,2,NULL);
INSERT INTO Tag (id_tag,name_tag) VALUES
	 (1,'SN2'),
	 (2,'SN2-C1'),
	 (3,'SN2-C2'),
	 (4,'SN1'),
	 (5,'SN1-C1'),
	 (6,'SN1-C2'),
	 (7,'M1');