INSERT INTO Candidate (id_candidate, lastname_candidate, name_candidate, email_candidate) VALUES
(1, 'Doe', 'John', 'john.doe@example.com'),
(2, 'Smith', 'Jane', 'jane.smith@example.com'),
(3, 'Brown', 'Charlie', 'charlie.brown@example.com'),
(4, 'Taylor', 'Chris', 'chris.taylor@example.com'),
(5, 'Lee', 'Alex', 'alex.lee@example.com'),
(6, 'White', 'Sam', 'sam.white@example.com'),
(7, 'Green', 'Pat', 'pat.green@example.com');

INSERT INTO Participant (id_participant, name_participant, email_participant) VALUES
(1, 'Williams', 'williams@example.com'),
(2, 'Johnson', 'johnson@example.com'),
(3, 'Brown', 'brown@example.com'),
(4, 'Davis', 'davis@example.com'),
(5, 'Miller', 'miller@example.com'),
(6, 'Wilson', 'wilson@example.com');

INSERT INTO Event (id_event, name_event, date_event) VALUES
(1, 'Tech Conference', '2025-01-07'),
(2, 'Job Fair', '2025-01-08'),
(3, 'Hackathon', '2025-01-09'),
(4, 'Workshop', '2025-01-10'),
(5, 'Networking Event', '2025-01-11'),
(6, 'Seminar', '2025-01-12');

-- INSERT INTO Interview (id_interview, id_participant, id_event, id_candidate, happened) VALUES
-- (1, 1, 1, 1, 0),
-- (2, 2, 2, 2, 0),
-- (3, 3, 3, 3, 0),
-- (4, 4, 4, 4, 0),
-- (5, 5, 5, 5, 0),
-- (6, 6, 6, 6, 0),
-- (7, 1, 1, 2, 0),
-- (8, 2, 2, 3, 0),
-- (9, 3, 3, 4, 0),
-- (10, 4, 4, 5, 0),
-- (11, 5, 5, 6, 0),
-- (12, 6, 6, 7, 0),
-- (13, 1, 2, 1, 0),
-- (14, 2, 3, 2, 0),
-- (15, 3, 4, 3, 0),
-- (16, 4, 5, 4, 0),
-- (17, 5, 6, 5, 0),
-- (18, 6, 1, 6, 0),
-- (19, 1, 3, 1, 0),
-- (20, 2, 4, 2, 0),
-- (21, 3, 5, 3, 0),
-- (22, 4, 6, 4, 0),
-- (23, 5, 1, 5, 0),
-- (24, 6, 2, 6, 0),
-- (25, 1, 4, 1, 0),
-- (26, 2, 5, 2, 0),
-- (27, 3, 6, 3, 0),
-- (28, 4, 1, 4, 0),
-- (29, 5, 2, 5, 0),
-- (30, 6, 3, 6, 0),
-- (31, 1, 1, 3, 0),
-- (32, 1, 1, 4, 0),
-- (33, 1, 1, 5, 0),
-- (34, 1, 1, 6, 0),
-- (35, 1, 1, 7, 0),
-- (36, 1, 1, 8, 0);

INSERT INTO Interview (id_interview,happened,id_participant,id_event,id_candidate,feedback_candidate, feedback_participant, duration) VALUES
	 (2,0,1,1,3,NULL,NULL,NULL),
	 (3,0,1,1,4,NULL,NULL,NULL),
	 (1,0,1,1,1,NULL,NULL,NULL),
	 (4,1,4,1,3,NULL,NULL,NULL),
	 (5,1,4,1,4,NULL,NULL,NULL),
	 (6,0,4,1,5,NULL,NULL,NULL),
	 (7,0,3,1,1,NULL,NULL,NULL),
	 (8,0,3,1,5,NULL,NULL,NULL),
	 (9,0,3,1,2,NULL,NULL,NULL),
	 (10,0,2,1,1,NULL,NULL,NULL);
INSERT INTO Interview (id_interview,happened,id_participant,id_event,id_candidate,feedback,duration) VALUES
	 (11,0,2,1,4,NULL,NULL,NULL),
	 (12,1,6,1,3,NULL,NULL,NULL),
	 (13,0,6,1,4,NULL,NULL,NULL),
	 (14,0,6,1,5,NULL,NULL,NULL),
	 (15,0,2,2,1,NULL,NULL,NULL),
	 (16,0,2,2,6,NULL,NULL,NULL),
	 (17,0,5,2,6,NULL,NULL,NULL),
	 (18,0,4,2,1,NULL,NULL,NULL),
	 (19,0,4,2,6,NULL,NULL,NULL),
	 (20,0,4,2,3,NULL,NULL,NULL);
INSERT INTO Interview (id_interview,happened,id_participant,id_event,id_candidate,feedback,duration) VALUES
	 (21,0,3,2,5,NULL,NULL,NULL),
	 (22,0,3,2,4,NULL,NULL,NULL),
	 (23,0,3,3,2,NULL,NULL,NULL),
	 (24,0,1,3,2,NULL,NULL,NULL),
	 (25,0,1,3,7,NULL,NULL,NULL),
	 (26,0,6,3,2,NULL,NULL,NULL),
	 (27,0,6,3,1,NULL,NULL,NULL),
	 (28,0,6,3,5,NULL,NULL,NULL),
	 (29,0,5,3,6,NULL,NULL,NULL),
	 (30,0,5,3,7,NULL,NULL,NULL);
INSERT INTO Interview (id_interview,happened,id_participant,id_event,id_candidate,feedback,duration) VALUES
	 (31,0,4,3,4,NULL,NULL,NULL),
	 (32,0,4,3,6,NULL,NULL,NULL),
	 (33,0,4,3,1,NULL,NULL,NULL),
	 (34,0,4,3,5,NULL,NULL,NULL),
	 (35,0,4,4,5,NULL,NULL,NULL),
	 (36,0,4,4,2,NULL,NULL,NULL),
	 (37,0,4,4,1,NULL,NULL,NULL),
	 (38,0,2,4,3,NULL,NULL,NULL),
	 (39,0,2,4,7,NULL,NULL,NULL),
	 (40,0,1,4,2,NULL,NULL,NULL);
INSERT INTO Interview (id_interview,happened,id_participant,id_event,id_candidate,feedback,duration) VALUES
	 (41,0,6,4,3,NULL,NULL,NULL),
	 (42,0,6,4,2,NULL,NULL,NULL),
	 (43,0,5,4,5,NULL,NULL,NULL),
	 (44,0,5,4,2,NULL,NULL,NULL),
	 (45,0,5,5,6,NULL,NULL,NULL),
	 (46,0,5,5,2,NULL,NULL,NULL),
	 (47,0,3,5,6,NULL,NULL,NULL),
	 (48,0,3,5,2,NULL,NULL,NULL),
	 (49,0,3,5,7,NULL,NULL,NULL),
	 (50,0,2,5,3,NULL,NULL,NULL);
INSERT INTO Interview (id_interview,happened,id_participant,id_event,id_candidate,feedback,duration) VALUES
	 (51,0,2,5,2,NULL,NULL,NULL),
	 (52,0,2,5,7,NULL,NULL,NULL),
	 (53,0,1,5,6,NULL,NULL,NULL),
	 (54,0,6,5,3,NULL,NULL,NULL),
	 (55,0,6,5,2,NULL,NULL,NULL),
	 (56,0,6,5,7,NULL,NULL,NULL),
	 (57,0,4,5,6,NULL,NULL,NULL),
	 (58,0,4,5,3,NULL,NULL,NULL),
	 (59,0,6,6,4,NULL,NULL,NULL),
	 (60,0,6,6,3,NULL,NULL,NULL);
INSERT INTO Interview (id_interview,happened,id_participant,id_event,id_candidate,feedback,duration) VALUES
	 (61,0,6,6,1,NULL,NULL,NULL),
	 (62,0,3,6,4,NULL,NULL,NULL),
	 (63,0,3,6,3,NULL,NULL,NULL),
	 (64,0,2,6,7,NULL,NULL,NULL),
	 (65,0,1,6,7,NULL,NULL,NULL),
	 (66,0,1,6,4,NULL,NULL,NULL),
	 (67,0,5,6,7,NULL,NULL,NULL),
	 (68,0,5,6,4,NULL,NULL,NULL);


INSERT INTO Participates (id_candidate, id_event) VALUES
(1, 1),
(2, 2),
(3, 1),
(4, 3),
(5, 4),
(6, 5),
(7, 6),
(1, 2),
(2, 3),
(3, 4),
(4, 1),
(5, 2),
(6, 3),
(7, 4),
(1, 3),
(2, 4),
(3, 5),
(4, 6),
(5, 1),
(6, 2),
(7, 3),
(1, 4),
(2, 5),
(3, 6),
(4, 2),
(5, 3),
(6, 4),
(7, 5),
(1, 6),
(2, 1),
(3, 2);

INSERT INTO Attends (id_participant, id_event) VALUES
(1, 1),
(2, 2),
(3, 3),
(4, 4),
(5, 5),
(6, 6),
(1, 3),
(2, 4),
(3, 5),
(4, 1),
(5, 2),
(6, 3),
(1, 4),
(2, 5),
(3, 6),
(4, 2),
(5, 3),
(6, 4),
(1, 5),
(2, 6),
(3, 1),
(4, 3),
(5, 4),
(6, 5),
(1, 6),
(2, 1),
(3, 2),
(4, 5),
(5, 6),
(6, 1);