INSERT INTO Candidate (id_candidate, lastname_candidate, name_candidate, email_candidate) VALUES
(1, 'Doe', 'John', 'john.doe@example.com'),
(2, 'Smith', 'Jane', 'jane.smith@example.com'),
(3, 'Brown', 'Charlie', 'charlie.brown@example.com'),
(4, 'Taylor', 'Chris', 'chris.taylor@example.com'),
(5, 'Lee', 'Alex', 'alex.lee@example.com'),
(6, 'White', 'Sam', 'sam.white@example.com'),
(7, 'Green', 'Pat', 'pat.green@example.com');

INSERT INTO Participant (id_participant, name_participant, email_participant) VALUES
(1, 'Williams', 'williams@example.com'),
(2, 'Johnson', 'johnson@example.com'),
(3, 'Brown', 'brown@example.com'),
(4, 'Davis', 'davis@example.com'),
(5, 'Miller', 'miller@example.com'),
(6, 'Wilson', 'wilson@example.com');

INSERT INTO Event (id_event, name_event, date_event) VALUES
(1, 'Tech Conference', '2025-01-07'),
(2, 'Job Fair', '2025-01-08'),
(3, 'Hackathon', '2025-01-09'),
(4, 'Workshop', '2025-01-10'),
(5, 'Networking Event', '2025-01-11'),
(6, 'Seminar', '2025-01-12');

INSERT INTO Interview (id_interview,happened,id_participant,id_event,id_candidate,feedback_candidate, feedback_participant, duration_interview) VALUES
	 (2,0,1,1,3,'Feedback candidat','Feedback participant',NULL),
	 (3,0,1,1,4,'Feedback candidat','Feedback participant',NULL),
	 (1,0,1,1,1,'Feedback candidat','Feedback participant',NULL),
	 (4,1,4,1,3,'Feedback candidat','Feedback participant',NULL),
	 (5,1,4,1,4,'Feedback candidat','Feedback participant',NULL),
	 (6,0,4,1,5,'Feedback candidat','Feedback participant',NULL),
	 (7,0,3,1,1,'Feedback candidat','Feedback participant',NULL),
	 (8,0,3,1,5,'Feedback candidat','Feedback participant',NULL),
	 (9,0,3,1,2,'Feedback candidat','Feedback participant',NULL),
	 (10,0,2,1,1,'Feedback candidat','Feedback participant',NULL),
	 (11,0,2,1,4,'Feedback candidat','Feedback participant',NULL),
	 (12,1,6,1,3,'Feedback candidat','Feedback participant',NULL),
	 (13,0,6,1,4,'Feedback candidat','Feedback participant',NULL),
	 (14,0,6,1,5,'Feedback candidat','Feedback participant',NULL),
	 (15,0,2,2,1,'Feedback candidat','Feedback participant',NULL),
	 (16,0,2,2,6,'Feedback candidat','Feedback participant',NULL),
	 (17,0,5,2,6,'Feedback candidat','Feedback participant',NULL),
	 (18,0,4,2,1,'Feedback candidat','Feedback participant',NULL),
	 (19,0,4,2,6,'Feedback candidat','Feedback participant',NULL),
	 (20,0,4,2,3,'Feedback candidat','Feedback participant',NULL),
	 (21,0,3,2,5,'Feedback candidat','Feedback participant',NULL),
	 (22,0,3,2,4,'Feedback candidat','Feedback participant',NULL),
	 (23,0,3,3,2,'Feedback candidat','Feedback participant',NULL),
	 (24,0,1,3,2,'Feedback candidat','Feedback participant',NULL),
	 (25,0,1,3,7,'Feedback candidat','Feedback participant',NULL),
	 (26,0,6,3,2,'Feedback candidat','Feedback participant',NULL),
	 (27,0,6,3,1,'Feedback candidat','Feedback participant',NULL),
	 (28,0,6,3,5,'Feedback candidat','Feedback participant',NULL),
	 (29,0,5,3,6,'Feedback candidat','Feedback participant',NULL),
	 (30,0,5,3,7,'Feedback candidat','Feedback participant',NULL),
	 (31,0,4,3,4,'Feedback candidat','Feedback participant',NULL),
	 (32,0,4,3,6,'Feedback candidat','Feedback participant',NULL),
	 (33,0,4,3,1,'Feedback candidat','Feedback participant',NULL),
	 (34,0,4,3,5,'Feedback candidat','Feedback participant',NULL),
	 (35,0,4,4,5,'Feedback candidat','Feedback participant',NULL),
	 (36,0,4,4,2,'Feedback candidat','Feedback participant',NULL),
	 (37,0,4,4,1,'Feedback candidat','Feedback participant',NULL),
	 (38,0,2,4,3,'Feedback candidat','Feedback participant',NULL),
	 (39,0,2,4,7,'Feedback candidat','Feedback participant',NULL),
	 (40,0,1,4,2,'Feedback candidat','Feedback participant',NULL),
	 (41,0,6,4,3,'Feedback candidat','Feedback participant',NULL),
	 (42,0,6,4,2,'Feedback candidat','Feedback participant',NULL),
	 (43,0,5,4,5,'Feedback candidat','Feedback participant',NULL),
	 (44,0,5,4,2,'Feedback candidat','Feedback participant',NULL),
	 (45,0,5,5,6,'Feedback candidat','Feedback participant',NULL),
	 (46,0,5,5,2,'Feedback candidat','Feedback participant',NULL),
	 (47,0,3,5,6,'Feedback candidat','Feedback participant',NULL),
	 (48,0,3,5,2,'Feedback candidat','Feedback participant',NULL),
	 (49,0,3,5,7,'Feedback candidat','Feedback participant',NULL),
	 (50,0,2,5,3,'Feedback candidat','Feedback participant',NULL),
	 (51,0,2,5,2,'Feedback candidat','Feedback participant',NULL),
	 (52,0,2,5,7,'Feedback candidat','Feedback participant',NULL),
	 (53,0,1,5,6,'Feedback candidat','Feedback participant',NULL),
	 (54,0,6,5,3,'Feedback candidat','Feedback participant',NULL),
	 (55,0,6,5,2,'Feedback candidat','Feedback participant',NULL),
	 (56,0,6,5,7,'Feedback candidat','Feedback participant',NULL),
	 (57,0,4,5,6,'Feedback candidat','Feedback participant',NULL),
	 (58,0,4,5,3,'Feedback candidat','Feedback participant',NULL),
	 (59,0,6,6,4,'Feedback candidat','Feedback participant',NULL),
	 (60,0,6,6,3,'Feedback candidat','Feedback participant',NULL),
	 (61,0,6,6,1,'Feedback candidat','Feedback participant',NULL),
	 (62,0,3,6,4,'Feedback candidat','Feedback participant',NULL),
	 (63,0,3,6,3,'Feedback candidat','Feedback participant',NULL),
	 (64,0,2,6,7,'Feedback candidat','Feedback participant',NULL),
	 (65,0,1,6,7,'Feedback candidat','Feedback participant',NULL),
	 (66,0,1,6,4,'Feedback candidat','Feedback participant',NULL),
	 (67,0,5,6,7,'Feedback candidat','Feedback participant',NULL),
	 (68,0,5,6,4,'Feedback candidat','Feedback participant',NULL);


INSERT INTO Participates (id_candidate, id_event) VALUES
(1, 1),
(2, 2),
(3, 1),
(4, 3),
(5, 4),
(6, 5),
(7, 6),
(1, 2),
(2, 3),
(3, 4),
(4, 1),
(5, 2),
(6, 3),
(7, 4),
(1, 3),
(2, 4),
(3, 5),
(4, 6),
(5, 1),
(6, 2),
(7, 3),
(1, 4),
(2, 5),
(3, 6),
(4, 2),
(5, 3),
(6, 4),
(7, 5),
(1, 6),
(2, 1),
(3, 2);

INSERT INTO Attends (id_participant, id_event) VALUES
(1, 1),
(2, 2),
(3, 3),
(4, 4),
(5, 5),
(6, 6),
(1, 3),
(2, 4),
(3, 5),
(4, 1),
(5, 2),
(6, 3),
(1, 4),
(2, 5),
(3, 6),
(4, 2),
(5, 3),
(6, 4),
(1, 5),
(2, 6),
(3, 1),
(4, 3),
(5, 4),
(6, 5),
(1, 6),
(2, 1),
(3, 2),
(4, 5),
(5, 6),
(6, 1);